{"m_Position":[0.0,100.0,-2000.0],"m_Front":[0.013083492405712605,-0.030538514256477357,0.9994480013847351],"m_Up":[0.00039973686216399074,0.9995336532592773,0.030535899102687837]}