{"FriendlyName":"Sun","atten":[0.00312862079590559,0.00001517282726126723,8.000289142273687e-8,1000000.0],"atten_UniLoc":63,"position":[481.4117126464844,5514.51513671875,889.7100830078125],"position_UniLoc":3,"diffuse":[1.0,1.100000023841858,1.0,1.0],"diffuse_UniLoc":23,"direction":[0.08376797288656235,-0.9862856268882752,-0.14220979809761048,1.0],"direction_UniLoc":83,"param1":[0.0,0.0,0.0,0.0],"param1_UniLoc":103,"param2":[1.0,0.0,0.0,0.0],"param2_UniLoc":123,"specular":[0.0,0.0,0.0,0.0],"specular_UniLoc":43}